{"cameraMode":{"drawMode":0,"name":"Shaded","section":"Shading Mode"},"sceneLighting":true,"audioPlay":false,"sceneViewState":{"m_AlwaysRefresh":false,"showFog":true,"showSkybox":true,"showFlares":true,"showImageEffects":true,"showParticleSystems":true,"showVisualEffectGraphs":true,"m_FxEnabled":true},"in2DMode":false,"pivot":{"x":0.036201778799295428,"y":-0.2987048327922821,"z":1.0541114807128907},"rotation":{"x":-0.1038675606250763,"y":-0.513932466506958,"z":0.06305600702762604,"w":-0.8492304682731628},"size":1.4186749458312989,"orthographic":false}