{"cameraMode":{"drawMode":0,"name":"Shaded","section":"Shading Mode"},"sceneLighting":true,"audioPlay":false,"sceneViewState":{"m_AlwaysRefresh":false,"showFog":true,"showSkybox":true,"showFlares":true,"showImageEffects":true,"showParticleSystems":true,"showVisualEffectGraphs":true,"m_FxEnabled":true},"in2DMode":false,"pivot":{"x":0.036201778799295428,"y":-0.2987048327922821,"z":1.0541114807128907},"rotation":{"x":-0.1794888973236084,"y":-0.4558378756046295,"z":0.09460568428039551,"w":-0.8666770458221436},"size":1.4186749458312989,"orthographic":false}